{
  "train":{
    "rmse":1322.5282440911,
    "mae":1038.8506061578,
    "mape":8.2273879277,
    "r2":0.7497511737
  },
  "validation":{
    "rmse":1549.1964727392,
    "mae":1202.8712033757,
    "mape":8.8471317035,
    "r2":0.5757551843
  }
}