{
  "train":{
    "rmse":1098.1914497446,
    "mae":837.4597227921,
    "mape":6.571907333,
    "r2":0.8276305935
  },
  "validation":{
    "rmse":1254.8699432648,
    "mae":978.9654547086,
    "mape":7.3680897139,
    "r2":0.7182340104
  }
}