{
  "train":{
    "rmse":1669.2853602655,
    "mae":1242.8762316354,
    "mape":9.5712943303,
    "r2":0.6029211452
  },
  "validation":{
    "rmse":1646.6665607779,
    "mae":1314.0044320749,
    "mape":9.2110814187,
    "r2":0.4802291614
  }
}