{
  "train":{
    "rmse":1267.4188702156,
    "mae":945.0371477285,
    "mape":7.4187437691,
    "r2":0.769995769
  },
  "validation":{
    "rmse":1307.3122771047,
    "mae":997.0943374413,
    "mape":7.3637586209,
    "r2":0.6977435814
  }
}