{
  "train":{
    "rmse":1196.5744410929,
    "mae":923.6723749421,
    "mape":7.2602543184,
    "r2":0.7953588969
  },
  "validation":{
    "rmse":1339.6282418653,
    "mae":1042.3039166004,
    "mape":7.8246503269,
    "r2":0.6788845005
  }
}