{
  "train":{
    "rmse":1669.2724803191,
    "mae":1242.8578755504,
    "mape":9.5711532548,
    "r2":0.6029238444
  },
  "validation":{
    "rmse":1646.7452292346,
    "mae":1314.1336916004,
    "mape":9.2120810065,
    "r2":0.4801285496
  }
}