{
  "train":{
    "rmse":1192.4713162542,
    "mae":922.3539223519,
    "mape":7.2941818116,
    "r2":0.796393626
  },
  "validation":{
    "rmse":1363.02851286,
    "mae":1055.4678952861,
    "mape":7.8142036249,
    "r2":0.6714308878
  }
}