{
  "train":{
    "rmse":117.4898179724,
    "mae":63.6056485446,
    "mape":0.5006685214,
    "r2":0.998023504
  },
  "validation":{
    "rmse":1215.4682764489,
    "mae":891.6926027202,
    "mape":6.7001554614,
    "r2":0.7387212382
  }
}