{
  "train":{
    "rmse":195.3015418568,
    "mae":152.135443141,
    "mape":1.2019052505,
    "r2":0.9945526599
  },
  "validation":{
    "rmse":204.4215267137,
    "mae":161.4550697064,
    "mape":1.1849107443,
    "r2":0.9923555253
  }
}