{
  "train":{
    "rmse":1189.211059076,
    "mae":918.9697026257,
    "mape":7.2751247648,
    "r2":0.7976608056
  },
  "validation":{
    "rmse":1397.812639805,
    "mae":1072.7090547376,
    "mape":7.9849921814,
    "r2":0.6546165912
  }
}